Date,Actual,Current_Price,Ridge,LightGBM,KNN,SVR,Ensemble,Model_Disagreement
2023-01-04,60435.0,55688,49965.592788140646,56221.44712582119,59869.89271197963,54395.994970564556,55147.728192297975,3566.0405320836844
2023-01-05,60366.0,55071,50188.570392697125,55598.53675237212,59141.83395663151,54979.71321322459,54984.365454566156,3188.3073557708067
2023-01-06,60276.0,55628,50208.34064514067,56160.8723731357,61395.999769264665,55271.773733802846,55717.101393379045,3968.137984868764
2023-01-09,59867.0,55792,50648.195012129494,56326.44336380936,60818.70510847963,55526.81205387432,55808.86400276949,3608.2080223356256
2023-01-10,60281.0,55642,50841.77617575665,56175.006482095654,62077.383722892184,55554.465560767334,56076.10251595601,3989.542996782247
2023-01-11,60404.0,55641,51361.855832354166,56187.33683701194,61702.21054378289,55588.498541165216,56125.658859352014,3676.1275891689197
2023-01-12,60987.0,55801,51282.64331259246,56348.90787085249,60870.1767476601,55692.93782502443,56009.45910464341,3397.742848648531
2023-01-13,60145.0,56224,51487.85003001167,56751.26237374076,63565.26289608965,56234.25776370012,56885.70417904532,4305.0648263755775
2023-01-16,60051.0,56414,51442.94168450153,56943.04417245681,59602.95819167569,55663.5878194234,55962.080125636065,2946.2013747613564
2023-01-17,60331.0,56306,51678.025050841476,56834.031360555055,60146.718570365505,56098.05950426574,56199.718717441334,3018.143747816027
2023-01-18,60172.0,56220,52444.42604751354,56772.022015722425,62278.01903921364,56601.50657459992,56923.79441739464,3493.5371491371598
2023-01-19,60389.0,56443,52348.944776458186,56997.21164413769,64371.32581199055,56717.35437635829,57445.34694917232,4317.596203745251
2023-01-20,59810.0,56569,52404.51330045884,57099.49774509358,62550.24738013557,56642.05569736931,57087.75970492349,3603.489786718345
2023-01-23,59928.0,56705,52808.30649746629,57261.784212051585,62984.562428586,57526.25503738692,57536.43493912514,3607.8208612090993
2023-01-24,60123.0,56881,52759.02144647873,57439.51234927619,64279.81207091514,57390.46357799255,57823.49899730209,4110.513172354413
2023-01-25,59849.0,56865,52866.414038453244,57423.35524589213,62790.04253281364,57075.876431537916,57451.42725251639,3522.5830144221663
2023-01-27,59913.0,56789,53228.67495603751,57346.609004817874,63631.370940998575,57233.520196915735,57723.84924659939,3722.0270502569774
2023-01-30,60057.0,56754,53077.80541202041,57311.26534116526,61954.65586063959,57645.37312250454,57424.03180677673,3140.719990023856
2023-01-31,59979.0,56864,53235.289598264855,57422.34542693063,61818.101696362515,57181.49216062951,57354.008885027084,3037.7566367903064
2023-02-01,60787.0,57599,53097.08232128516,58139.15696971212,62264.96258543768,57302.13001535021,57677.74135711962,3254.8767702029713
2023-02-02,61073.0,57710,53191.082586312295,58251.19791527781,60836.2224781161,57572.24680885181,57498.43402434165,2750.504440296879
2023-02-03,61683.0,57424,53253.1357870583,59052.40326468202,63581.89043345509,58448.06289078237,58562.82836109129,3661.792678909167
2023-02-06,60799.0,56926,53611.21370007196,58540.28121073573,64547.89263567231,59437.39923775696,58921.623340609265,3879.952070758951
2023-02-07,60916.0,57175,53875.56283944416,58796.34223770888,63394.59180780137,59351.07006973441,58798.85933235183,3378.321069133959
2023-02-08,61359.0,57128,54123.45441522542,58748.009433420775,64456.81164209872,59541.76660880648,59109.47256077713,3664.875752602101
2023-02-09,61207.0,56797,54422.76568696768,58407.62308832796,63290.12248671939,59541.01270496914,58820.14239696991,3161.138582601386
2023-02-10,60886.0,56711,54840.725853665484,58319.18434005611,63032.06943284248,59896.230082577575,58916.81080464269,2950.505821938609
2023-02-13,60843.0,56486,54993.17843606367,58139.4014486726,62822.39904536652,59577.5572640526,58771.588075336535,2814.4682075219434
2023-02-14,60987.0,56679,55690.00709980053,58338.05075079337,63287.47694420504,59846.88413677882,59155.34971475388,2745.728348407344
2023-02-15,60280.0,56151,55731.0150626935,57794.59566519872,61805.35626173433,59206.912844532555,58521.24323285729,2208.939223153242
2023-02-16,60189.0,56229,55666.56086899855,57874.87880284339,61688.92755781038,59356.387905874435,58544.25605929016,2192.928557730988
2023-02-17,59758.0,56232,55989.48872969468,57877.96661582972,61658.55850073035,58968.99263344942,58517.46640393596,2050.9010463928325
2023-02-20,60389.0,56202,55810.78266858347,57847.08848596639,60124.60761942946,58700.293341557735,58078.269569785,1562.222417517855
2023-02-21,60271.0,56157,55661.014363997805,57749.47426397932,60294.30436657651,58475.536876685386,57994.66626272876,1659.4769568901631
2023-02-22,60220.0,56060,55874.19773089717,57700.932004613285,60069.0478258148,58517.757196523366,57989.4418473041,1512.5270788318292
2023-02-23,59918.0,55630,55941.41325620014,57297.95139067735,58271.708605426335,57972.95952059693,57362.93319488452,897.5920027259161
2023-02-24,59493.0,55535,56156.55445291256,57200.103010628554,57410.385494800015,58254.58733973492,57265.80419664769,747.1470967357928
2023-02-27,59430.0,55447,56191.70059189947,57120.229678893345,56297.2627047034,57526.558411305705,56836.493512207875,559.5031633481476
2023-02-28,59358.0,55714,55775.74684039533,57395.286964666506,57800.61803663127,57971.85876555772,57257.35800677255,868.6186184841498
2023-03-01,59845.0,56047,56065.49157262884,57698.42561908515,60339.59653305572,58725.30630615262,58138.93690119544,1554.1328351456007
2023-03-02,60252.0,55915,56353.451090204166,57602.352561821586,59701.731556855266,58766.91224522101,58047.82235720586,1255.8117464993763
2023-03-03,60033.0,55879,56099.789477017584,57565.266186211724,58590.76951121584,58352.14855871089,57643.836544370024,973.1876054225723
2023-03-06,59656.0,55752,56708.73048306732,57475.285278202384,60567.45594826524,58530.01481926245,58212.10258333315,1449.559961564094
2023-03-07,59805.0,55077,56540.431742038,56920.95093674248,59013.03851323552,57958.806099310204,57528.92513781771,962.9299256901267
2023-03-08,59902.0,54955,56604.5920741164,57086.688667692855,58575.67692160725,58026.91109118311,57520.81629481405,772.2868698881293
2023-03-09,59511.0,55272,57007.456486486524,57431.94088926086,59944.04634089187,58635.41678872508,58158.89946764506,1143.6110864376458
2023-03-10,59809.0,56101,57449.85223606393,58293.3368763284,62046.93443719105,60020.372553310706,59315.41197518065,1761.2372382671194
2023-03-13,59777.0,57539,55908.17033812829,59787.53160419707,60766.01116236525,59723.98937702263,59109.03665027157,1858.356220988766
2023-03-14,59595.0,57417,55395.973093484485,59660.76404035842,60607.50159661085,59658.189707134996,58903.895978851775,2020.4033216202374
2023-03-15,59222.0,58263,55806.48192282288,60531.450234561875,63023.385672885226,60785.4783163259,60060.01571906898,2627.759647051511
2023-03-16,59249.0,57942,55553.34779755203,60197.952207936156,63470.202105458375,60258.83375301649,59862.66344475638,2821.9534788431474
2023-03-17,59249.0,59231,55392.2052034501,61479.62629114377,64499.51501814725,60895.55897611933,60611.36637876925,3285.727202726221
2023-03-20,59249.0,59424,55755.89096687137,61651.78749978474,65084.71374723337,61661.49341778627,61057.48505394227,3355.668571161332
2023-03-21,59043.0,58520,55134.72536306236,60798.45644279493,63791.57353901429,60903.64131109502,60186.39301015543,3138.5628444971744
2023-03-22,58721.0,58684,54724.967896597795,60863.54324127234,65348.24288699527,60107.34661456001,60251.66151060184,3772.0803066448593
2023-03-23,58630.0,59436,55442.472238707036,61600.29058595681,65256.04036949504,60380.05583072671,60696.60459567175,3510.9941838418854
2023-03-24,58144.0,59226,55797.77837834417,60081.48030522992,65512.41596638917,60541.51062668852,60379.872805786494,3442.7811364689283
2023-03-27,58188.0,58496,55907.0738754641,59340.93593919442,63920.439702058015,61022.11859494998,59945.587363155806,2897.926177694716
2023-03-28,58256.0,58986,56199.27302627359,59838.01366434153,61235.31417331667,60124.32193132873,59386.659814915125,1892.037223319043
2023-03-29,58015.0,58997,56526.69603614311,59849.17255204892,62472.15604776966,60517.33987779474,59820.16069025225,2142.7257680335747
2023-03-30,57796.0,59389,56540.909021834894,60246.83473216661,63986.08818097551,60037.94066801778,60155.39832991783,2634.0004067618343
2023-03-31,57578.0,59314,56534.02845756161,60150.87115907499,62213.48098770402,59855.65176848831,59704.23582271986,2035.1871230007027
2023-04-03,58020.0,59600,56618.383737341755,60460.88248728097,60329.67169039898,60152.369476802516,59496.87332898195,1604.1224771331995
2023-04-04,58119.0,60435,55939.03491792819,61244.946794723786,60641.85417643848,59711.626405762916,59556.59487510452,2062.791982111081
2023-04-05,58194.0,60366,56313.85986468916,61175.02206023489,59676.45082797748,59824.2362574328,59441.36711601906,1791.5223423963273
2023-04-06,58308.0,60276,56245.252595028134,61126.444178177226,63067.179178048,60301.14352458975,60242.23373984317,2486.3815519841824
2023-04-10,58385.0,59867,56006.70459237881,60711.67352868365,62966.46053181396,60604.14501625444,60107.09048471946,2529.668398287435
2023-04-11,58747.0,60281,56238.534088978784,61131.51472401455,61547.87172901994,60427.88100895665,59952.010166863816,2115.475508903554
2023-04-12,58635.0,60404,57021.538505136035,61226.726011619394,62802.51669989922,60935.07853902893,60546.165613202575,2128.3004703886672
2023-04-13,58737.0,60987,57108.041179312975,61774.556361364506,65031.18319266634,61167.31772829529,61269.319297325674,2816.6256719233947
2023-04-14,59113.0,60145,56925.40780835329,60993.59587723918,60679.33992414943,60612.85405976939,59922.8181865512,1667.474922163352
2023-04-17,59185.0,60051,57253.284116143084,60898.26961549738,62940.37955917758,61225.24243450429,60591.60833364675,2070.993818713086
2023-04-18,59229.0,60331,57603.88154365932,61182.22018238785,60795.55020414676,61177.06306163822,60296.89902878093,1501.124052597334
2023-04-19,59061.0,60172,57830.34502536895,61020.976824760764,60721.56382526249,61054.90831649236,60250.490782520756,1349.513891342955
2023-04-20,59633.0,60389,57643.13970963458,61241.038514100874,63378.63176362865,61145.797355328425,60862.90444825468,2056.59428371864
2023-04-21,59683.0,59810,57831.84715875706,60653.86930613809,61288.73160229182,60887.98780776187,60211.90988812851,1366.3892179640743
2023-04-24,59459.0,59928,57791.56649727175,60773.53418789907,62406.81223131271,60819.05153672185,60461.021460991185,1668.6248675378492
2023-04-25,59221.0,60123,58139.82616510881,60971.285475554934,64684.64017370854,61477.95738310508,61243.67720220409,2322.7597583234488
2023-04-26,59013.0,59849,57873.88423853797,60693.41956366927,64420.352537873245,61489.656045886535,61041.44997126262,2331.748757164989
2023-04-27,59120.0,59913,57955.97055269719,60769.993977684404,64270.58279184074,61480.71644648593,61050.73284632035,2246.657126172378
2023-04-28,59347.0,60057,58035.639226210966,60916.05374990056,64609.027708489215,61070.249284074234,61087.836665075076,2330.5024649900242
2023-05-01,58878.0,59979,57822.45500291515,60836.93803995014,61615.918841331055,61213.58558932409,60416.7781278775,1497.6604471445412
2023-05-02,59288.0,60787,58179.098743715265,61656.49565071857,65125.70746197753,61353.27339700331,61536.40765757504,2459.442006890924
2023-05-03,59628.0,61073,58368.31950479277,61946.586587203434,63895.756874993705,61372.99127701553,61417.243732564166,1982.379162558936
2023-05-04,59048.0,61683,58745.080560141374,62357.437110884355,65086.577882867365,61051.403207816555,61807.95527774202,2291.5524332105356
2023-05-05,59117.0,60799,58101.57826014169,61638.94438258613,60450.10848843913,60985.38942056831,60436.35197097044,1333.976917771095
2023-05-08,59078.0,60916,57770.730679389904,61582.05079270839,62394.95138392246,60955.20723204802,60747.465386185126,1753.1591572151458
2023-05-09,59124.0,61359,58290.032170636354,61946.770833810915,62036.71950901899,61141.36195576893,60950.86058685488,1520.6479823396653
2023-05-10,59201.0,61207,58643.40416385392,61793.314793674355,61549.64810190506,61392.810669022445,60938.573618536626,1278.9595850942667
2023-05-11,58997.0,60886,58752.947298502964,61525.75446078709,63181.17001735832,62108.3316927348,61394.82725107638,1635.2943046849077
2023-05-12,58719.0,60843,58947.300179424274,61482.30264194838,65521.24214765252,61962.63047304124,61883.58800499911,2344.443317092831
2023-05-15,58605.0,60987,58737.206300955295,61627.81570968732,65666.34783302028,62023.445164098615,61928.774223504544,2461.008370852511
2023-05-16,58629.0,60280,59009.17542962299,60913.3869673857,63286.51621553159,61831.195690524124,61210.02889061855,1550.7566145970652
2023-05-17,58663.0,60189,58862.856824818635,60821.430792634004,63776.77680423358,61587.36116985462,61192.140493764964,1759.257756994183
2023-05-18,58413.0,59758,59230.450929196166,60385.902096832026,61060.10293185494,61095.36692854611,60441.017929679925,754.9725242973685
2023-05-19,58027.0,60389,59425.14344351706,61023.53227560476,62345.356662290054,61431.96192738649,61043.29951868494,1056.4722239687392
2023-05-22,58098.0,60271,59423.22871278595,60904.29240065202,61939.33128993474,61431.24409525956,60918.46028698989,940.8634262829759
2023-05-23,58164.0,60220,59574.94148173915,60852.75652249447,61922.68813262908,61603.49404104822,60974.04419988194,903.8112510797818
2023-05-24,58221.0,59918,59584.11044346855,61659.74787192252,61527.56157179672,61332.539868036954,61087.189368398555,840.567153622361
2023-05-25,58430.0,59493,59559.1250913196,61222.393607001,60772.87092433842,61235.15198128383,60757.543578924226,683.0375370479202
2023-05-26,58436.0,59430,58995.19043383089,60100.027579424735,59692.472233335604,60489.711768225934,59860.50575356964,553.0600695384537
2023-05-29,58273.0,59358,59201.37630320593,60101.63106728266,58632.93717345883,60339.56010602215,59647.02684818802,687.1716428886981
2023-05-30,58497.0,59845,59646.839293145305,61596.2345834661,60488.39240437513,60835.903055647505,60740.97830893379,700.3752675779042
2023-05-31,58843.0,60252,59661.20739662472,60961.6232384617,60088.10145181991,60668.18019215959,60414.4207184662,504.53905852049195
2023-06-01,59117.0,60033,59222.97388771461,60668.45324233944,58850.25799993984,59828.494393012865,59756.81561150469,687.5360912691295
2023-06-02,59113.0,59656,58932.76647039684,60357.33520264045,58964.16779561203,60074.40491024204,59675.03703233916,641.6439758789764
2023-06-05,59106.0,59805,59047.93693609371,60493.7554519084,59660.53904810131,60173.74473038995,59916.03462262891,547.3317223014905
2023-06-06,59385.0,59902,59597.731374861076,60642.833939215016,60296.86944135489,60566.58465098282,60316.93051351707,412.1560504478163
2023-06-07,59301.0,59511,59740.157858888735,60210.63053581091,59590.58424152399,60168.87557441222,59964.012381312925,267.8779381429577
2023-06-08,59111.0,59809,58864.98676024742,60512.13392005368,59078.583366001236,60219.954102325515,59769.155038379184,708.7761092543057
2023-06-09,59016.0,59777,59423.6765637614,60483.393226365355,58897.04540564424,59967.24984172274,59785.63169622237,592.8771282395381
2023-06-12,58905.0,59595,59785.81055026344,60299.24250673743,58913.92150948019,60401.30523411697,59916.10253779474,588.6678811782848
2023-06-13,58941.0,59222,60006.602899919664,59962.22124749311,59283.94937400186,60170.68377790315,59879.31644254445,339.2019722939638
2023-06-14,58642.0,59249,59647.02234146367,59949.15377601621,58591.13349914243,60255.814126294295,59668.689914283386,626.8090479568053
2023-06-15,58610.0,59249,59935.55995547341,59975.35009440891,60477.217707855365,60760.60224947249,60262.56184858408,346.81317103424294
2023-06-16,58608.0,59249,59446.653644374404,59939.62316210907,58805.45384922293,60923.892261835164,59827.69878998084,773.7609875889677
2023-06-19,58992.0,59043,59289.969468690695,59780.983909961426,59212.14206651429,60355.59121480218,59689.784128030005,457.1605669923751
2023-06-20,59212.0,58721,59575.78611972021,59500.51724542148,59426.47564319413,60550.331302965904,59755.88166142499,457.46178763267835
2023-06-21,59265.0,58630,59785.73030751387,60345.68023441587,61992.27288333942,60993.001580923876,60724.74931484906,820.3929470128439
2023-06-22,59363.0,58144,59913.71767868567,59845.45849479578,58985.56150467678,60637.28233884295,59870.74634491268,585.4628812209528
2023-06-23,58853.0,58188,59911.91341688265,59943.945110744426,60265.716380569924,60597.03157051593,60162.84816058932,277.873383944286
2023-06-26,58896.0,58256,59404.993794941554,59960.73593273292,59827.54124784911,60251.60251307919,59878.38902151579,304.7862102784501
2023-06-27,58707.0,58015,59471.29889007418,58785.145143868926,59773.52389861263,60015.30424935913,59445.63542565094,461.4332614125106
2023-06-28,58478.0,57796,59809.40410069527,58563.23793389724,57365.98610492165,59679.00963005863,58859.782855408164,986.4285511091404
2023-06-29,57759.0,57578,59992.33252009869,59262.895728077725,57644.818375598275,59412.75907481788,59120.83307802398,871.2438567903276
2023-06-30,57146.0,58020,59948.74652148189,59717.82990279394,58972.989685575165,59833.791837782956,59640.29382696671,381.43257363751155
2023-07-03,57061.0,58119,59767.53579673006,58864.721378600894,59942.940753066185,60082.518929123115,59589.784396390794,475.00823063546375
2023-07-04,56385.0,58194,59504.67359871597,58940.68369907088,59487.10515536664,59995.90627957596,59438.04764551272,373.3842265476277
2023-07-05,56229.0,58308,58865.89288441404,59056.14642618526,58156.27875586962,59746.43449572202,58990.44315071967,566.2352023916822
2023-07-06,56112.0,58385,59465.62986564864,59134.134408534446,59737.77992726214,60527.6963648492,59673.36071559024,514.9217755874301
2023-07-07,56582.0,58747,59483.742629172084,59494.42427067423,59402.598464720315,60589.842360593946,59737.797746008495,490.41283166538085
2023-07-10,57268.0,58635,59293.82608717745,59363.859194480945,58300.05656370278,60831.562763454975,59478.664788402806,903.1704583883974
2023-07-11,57364.0,58737,59309.53453186503,59490.650899273576,59096.464059642705,61077.845820724164,59750.964686119645,782.8462351152499
2023-07-12,57636.0,59113,58358.12658651479,59829.41955704616,59038.0613644536,60619.54526313377,59523.56573710771,847.5208876679425
2023-07-13,57613.0,59185,57472.51425259998,59902.29216050237,58760.83216258754,59905.91511504461,59117.149486933355,1003.0946645543553
2023-07-14,58993.0,59229,57295.96588698311,59891.61354394545,58066.914126715725,60296.37227602217,59022.012918586785,1244.9404524104534
2023-07-17,58993.0,59061,57399.16225930783,59721.734074844455,58343.61862007344,60254.63628420445,59038.748968488035,1125.701032873939
2023-07-18,58922.0,59633,58091.386687733546,60258.45211518824,60184.05589865592,60734.896407474494,59872.14667964775,1018.5633221116743
2023-07-19,59680.0,59683,58205.77152495963,60308.976532973014,60925.35936223727,60941.60806137828,60120.761732800034,1120.4029779384139
2023-07-20,59935.0,59459,58488.20263753509,60115.0488172836,59601.266260620934,61165.71636646645,59896.03770405351,964.0409041610978
2023-07-21,60405.0,59221,58373.94974619577,59874.42281249856,58689.79557501653,60684.209489186534,59483.6871085092,926.1904874581651
2023-07-24,60402.0,59013,58684.93305266561,59688.16406070621,58505.08657602669,60950.68591963783,59518.84725427966,972.980061247191
2023-07-25,60351.0,59120,58664.99179974702,59796.38824104775,58345.60973093213,60847.88669513999,59490.68426488505,988.018541943234
2023-07-26,60652.0,59347,58743.02987206495,60001.81305032593,58828.7173104152,61164.72332741806,59753.189768061144,988.7465125634036
2023-07-27,60735.0,58878,58896.410848431755,59498.98000495719,58279.673779498626,60821.733880700194,59426.428771791536,940.3715364329219
2023-07-28,60952.0,59288,59328.582890752,59871.890513702405,58671.84907231859,61697.78154749483,59938.49422999144,1125.550688251936
2023-07-31,61077.0,59628,59105.48246482055,60251.046630107005,59808.40449276594,61120.491057017556,60111.11589005442,730.5867969529864
2023-08-01,60879.0,59048,58764.5400102214,59661.90184551609,58971.61539144821,61147.96167396171,59674.56397459991,933.7488168647159
2023-08-02,60757.0,59117,58812.278072687346,59690.33108290562,58949.505515505654,61585.19033097694,59795.60328427476,1105.8085104859172
2023-08-03,60805.0,59078,58841.46552193308,59650.952851394664,59506.427139943495,61761.1239492152,59949.719667592726,1094.852058130258
2023-08-04,60829.0,59124,58872.456776718376,59697.39897061272,58930.94236343859,61676.374314810055,59829.526574902804,1134.3252259265332
2023-08-07,60818.0,59201,59637.22995659434,59825.97462277974,60459.92449284132,62372.09752718054,60533.955406731555,1082.0406494486363
2023-08-08,60365.0,58997,60069.739976708246,59721.67135579762,60149.955833336215,62573.814660584045,60580.64351293309,1134.4386555173069
2023-08-09,60043.0,58719,60191.43046695375,59440.25662899944,58989.80606890777,62368.871196514025,60222.450681468006,1297.7668701538944
2023-08-10,60271.0,58605,60451.89828338588,59324.856345348395,60772.877307421644,62155.18083500411,60568.68710885992,1009.105017463764
2023-08-11,59697.0,58629,60711.73485767911,59349.151141906514,59854.34044855531,62261.30270792308,60466.38394689482,1104.5992026189003
2023-08-14,59785.0,58663,60908.22026678383,59383.56877036384,60503.86593631523,62182.676732211796,60639.75016583494,1000.6491862446647
2023-08-16,59844.0,58413,60869.03174084622,59171.17967729218,60047.774020304016,61788.6372439539,60370.73030817424,969.9531777856116
2023-08-17,60083.0,58027,60755.51768680116,58789.51579312156,60965.43749488466,61000.86883898693,60225.43593874458,921.7985098932635
2023-08-18,60120.0,58098,60548.91985823968,58861.44878330392,58719.559969377544,60888.76914140842,59700.60842908311,972.9222241820679
2023-08-21,60654.0,58164,60139.20069034514,58896.25734149483,59481.55553783499,60378.291661905605,59657.397095414264,579.7469916632131
2023-08-22,60678.0,58221,60088.55613177033,58953.97494462503,59427.71404481188,60586.39984434628,59703.64968410127,622.6770665134884
2023-08-23,60657.0,58430,59117.693075479,59120.774858065364,58458.10333229285,59743.641992060206,59130.84003536534,454.60056892744734
2023-08-24,61212.0,58436,59099.13199960668,59152.68278150133,58298.26018497046,60165.24684336222,59205.24931956531,662.4682702422317
2023-08-25,61065.0,58273,58938.591650088856,58997.06293559002,59876.07464952073,59674.141045566554,59333.59079669291,410.42658595069344
2023-08-28,61093.0,58497,59175.49928853295,59188.566949721884,58596.60310844338,60464.51958968237,59369.4282153636,683.0287877147914
2023-08-29,61352.0,58843,59167.495360008295,59497.502701367106,58618.35923859191,60244.44839956848,59418.55686140104,588.709936973434
2023-08-30,61557.0,59117,59022.54628058803,59769.246198221204,58898.157602210995,61164.15919714388,59755.423227814164,901.3489903875167
2023-08-31,62409.0,59113,59027.655016923454,59729.41211816737,59114.06511068378,61170.17541629227,59790.80430560016,857.7719614222087
2023-09-01,62470.0,59106,59314.037847917665,59732.023395958735,59353.65765616988,61376.6893983911,59956.47937228109,843.0434963899044
2023-09-04,62639.0,59385,59827.295077738934,60013.978434829114,59410.86817870174,61759.30942103466,60267.178684081184,896.7315638578125
2023-09-05,62876.0,59301,59925.727032058785,59961.70967052492,58927.8170565773,61875.87591535945,60198.54712030726,1067.2457871010351
2023-09-06,62302.0,59111,60467.9059591952,59769.59276124177,58663.90061289038,61783.505539887425,60180.05560655264,1131.4596097550364
2023-09-07,62600.0,59016,60758.075492658194,59673.5343066002,58617.05525489562,62082.42402016038,60276.61301812241,1285.5391520467565
2023-09-08,62269.0,58905,60984.673770749476,59561.29758591374,58863.47381555646,61832.97737489086,60282.922529153795,1164.8644364605834
2023-09-11,62290.0,58941,61005.11532543595,59597.69868451475,59006.06897654632,61874.025120662096,60339.308796509315,1131.61588939822
2023-09-12,61597.0,58642,61319.27816831081,59378.95986618437,58408.743889628335,61771.996458423695,60188.31888660171,1378.8675100790338
2023-09-13,60986.0,58610,61425.564853416945,59346.55771899092,58392.580301588365,61901.78783067926,60229.70881571102,1447.0199031008265
2023-09-14,60984.0,58608,61728.28252447529,59344.532584791334,59245.68671263751,61939.945030445546,60486.433436566,1272.1858872848486
2023-09-15,60992.0,58992,61275.80744131816,59692.06901698034,59839.74103458048,62060.58385611666,60651.74740558602,992.1630583121248
2023-09-18,62229.0,59212,61142.241608406766,59904.965912363,59637.97620946666,61903.251098590656,60609.71588016095,920.8928579395209
2023-09-19,61991.0,59265,60926.40901117405,59958.58617841305,59045.630769547075,62019.715002293015,60481.63628217987,1106.6910829891192
2023-09-20,62057.0,59363,60724.25740743562,60032.81211968771,59202.33409968679,61830.67824738868,60447.58893334058,963.3510370478351
2023-09-21,62211.0,58853,61203.3164491142,59584.2513933256,58455.374564046346,61567.8098334295,60188.92699123541,1255.0281862593474
2023-09-22,62151.0,58896,60639.23821354327,59601.741162869184,58754.080979163504,61437.16409322704,60099.57386049263,1017.1388718870063
2023-09-25,62257.0,58707,61233.1272240464,59436.43733620997,58214.212073514056,61814.81195952571,60156.79148526823,1431.675599415955
2023-09-26,62657.0,58478,61601.528810104945,59204.592000049175,60034.43446939184,61520.95008955437,60478.13113032619,1014.6263378095468
2023-09-27,62722.0,57759,62509.74388215574,58539.45546121518,58609.12634379485,60628.449852301586,59950.12245089417,1638.6674003337657
2023-09-28,63292.0,57146,62362.17335476348,57914.44195118961,58059.67908301653,59773.55737591042,59392.48539050891,1792.5102348465637
2023-09-29,63119.0,57061,62613.99479432776,57852.30477959185,56618.5961608491,59494.584765673724,59056.88393209557,2247.771764177626
2023-10-03,62954.0,56385,63525.360860323395,57265.22735993006,56451.56237308477,58657.24139320387,58833.97470018414,2743.0737474865346
2023-10-04,63001.0,56229,63977.0660408942,57106.79204081772,55888.62377599591,58127.21550597862,58636.92662476743,3106.2518138102228
2023-10-05,63039.0,56112,64281.593343198336,56987.965551483474,55776.52014095813,58047.53513055357,58623.92530094579,3280.096750637895
2023-10-06,62294.0,56582,64005.79885085081,57465.302730860385,57022.281169952046,58697.028442248185,59136.43151869064,2786.674168070664
2023-10-09,62444.0,57268,63897.32886505981,58062.17539331007,59444.41298710721,59286.85750519376,59959.12007745153,2215.981339975243
2023-10-10,62627.0,57364,63889.07121218478,58159.50669242577,56657.795442344686,59605.878859197044,59477.05845659451,2698.4175980377954
2023-10-11,62140.0,57636,63162.19366528714,58435.27870658691,57790.8416117482,59664.481570942015,59656.57912119065,2074.637066940864
2023-10-12,62211.0,57613,62919.073450467666,58411.95974950711,58412.25676134941,59909.66521672799,59785.20470112497,1839.9619958201583
2023-10-13,62047.0,58993,62243.876207275,59734.14964487369,58858.19719932282,60506.71097867436,60298.83090021378,1246.5210130707842
2023-10-16,61830.0,58993,61654.28939389605,59734.14964487369,57848.01871554466,60742.97968001718,60010.37054419641,1413.354728904381
2023-10-17,62372.0,58922,61258.23851999342,59647.29134131524,57804.51767282907,60721.2159143678,59879.10125754272,1319.7535090796553
2023-10-18,62567.0,59680,61550.22757138142,60414.62182630756,59070.36205899919,61358.81075664579,60613.777268789745,981.4370288207718
2023-10-19,62065.0,59935,61775.15181525942,60672.76070978122,59349.24058883146,61664.49842352927,60880.361058429364,974.9430639018981
2023-10-20,61561.0,60405,61157.23808039256,61121.83735033051,60199.21165942871,62042.70057254688,61157.73970807619,651.9581213687262
2023-10-23,61791.0,60402,61409.11249131926,61145.509174809464,61072.772574770715,62385.22746535269,61489.35022060458,524.4128611585708
2023-10-24,62021.0,60351,61371.3283099352,61093.88139811473,61035.3743270926,62463.39654771921,61475.25366301598,575.581075327486
2023-10-25,61888.0,60652,62033.31649759964,62140.74410045043,59972.97029977507,62745.22219548542,61804.93037061108,1046.2251926260867
2023-10-26,62003.0,60735,62222.39696191235,62225.78139122959,62661.9029758871,62830.112085188455,62463.467895495385,267.6525955479877
2023-10-27,62072.0,60952,62126.96286788246,62448.10780206184,64251.97771333566,62749.14369228616,62830.13039871113,814.2869004237406
2023-10-30,62036.0,61077,61585.71141463443,61791.944039793954,62432.92286272873,62756.46518334359,62114.62510464773,472.8106149296812
2023-10-31,62234.0,60879,61979.79692967579,62373.31596800306,63507.72984492146,63134.044038745866,62708.93248073745,603.4777201413484
2023-11-01,62371.0,60757,62890.36188347779,62397.3958351994,63092.670309142355,62942.532629258785,62786.8087995525,260.982285299243
2023-11-02,62865.0,60805,62945.93168382706,62391.271612477154,63750.05631820574,63046.05580511606,62961.26145341411,483.1500801970495
2023-11-03,63079.0,60829,62470.4388556375,62415.89772083501,62127.23270667821,62737.061006628006,62444.87723976214,216.5375933624132
2023-11-06,62639.0,60818,63036.94487533619,62404.61075450433,63302.689650875975,63437.82395406831,62986.277263209864,397.1387715286574
2023-11-07,62542.0,60365,63793.32200167932,61994.812113695734,63428.4401259856,63943.40011714483,63172.719615299706,770.8667329064097
2023-11-08,62322.0,60043,63637.106577819904,61609.39267211522,61803.35157260983,63668.31642655321,62603.46016484672,975.6451758097471
2023-11-09,62305.0,60271,63608.88866722574,61843.340701514855,62039.419243040116,63942.15367792285,62788.72687039229,927.2041473600933
2023-11-10,62219.0,59697,64147.42769532877,61216.631518403025,61422.78320474284,63330.37344830079,62429.04302078658,1245.7461487662583
2023-11-12,62105.0,59785,64044.50639799934,61425.98245824604,60876.479325601846,63534.87433112698,62407.52844518923,1345.5767961124336
2023-11-13,61856.0,59844,64590.979197983135,61486.60189397467,63418.11857947295,63856.13581343157,63164.42761564566,1148.097939936254
2023-11-14,61267.0,60083,63063.943087392465,60796.01611654513,61237.62466788101,63128.31600332887,61962.45221038828,1051.559264476205
2023-11-15,61170.0,60120,62687.169579053254,60823.592357144895,60037.356171717896,62631.415827612036,61512.95443041567,1148.7242427605815
2023-11-16,61306.0,60654,62288.311777609466,61373.792279562076,63009.35540735696,62682.90480960752,62241.35228023253,612.7482070202678
2023-11-17,61498.0,60678,62235.83275433785,61398.077092018124,62231.627285857954,62557.98079327495,62042.8385572341,429.557965264003
2023-11-20,61641.0,60657,62403.56736861787,61376.82788111908,63248.564185953364,63389.21429875809,62489.69846083684,802.8306098718708
2023-11-21,61810.0,61212,62065.793214222955,62013.8552062966,64157.094259016136,63367.680939732076,62806.095471999266,905.5606139544531
2023-11-22,61744.0,61065,61979.15728098264,62028.155313796764,62055.09657286583,63857.37563767516,62465.666718260334,795.7250793642618
2023-11-23,61661.0,61093,61742.12456467809,62056.59694728217,61009.111961169714,63730.57544116108,62169.97365747177,996.7424915548545
2023-11-24,61910.0,61352,61423.64743133082,62319.682057022175,62713.10620377796,63480.01139024223,62482.780528781535,740.9244645034571
2023-11-27,61766.0,61557,61160.039768781884,62527.91544504032,62852.13882793869,63394.56247671207,62499.49839241004,824.5376021681258
2023-11-28,61839.0,62409,61510.07043902081,63381.178453819426,63660.77760431081,63693.96660740618,63096.41826321117,903.9186430504901
2023-11-29,61792.0,62470,61246.63648797161,63432.84273544629,65819.60679342346,63881.98803838814,63555.68327068363,1625.7570078427204
2023-11-30,62293.0,62639,60893.685293141505,63598.047126568585,66679.13283931639,63764.646207505575,63683.016050870865,2046.98665050477
2023-12-01,63135.0,62876,60481.96026029408,63838.6757631847,65494.304032341504,63829.24624934627,63433.555000994806,1821.89914394138
2023-12-04,63605.0,62302,60823.46671024151,63274.40579352949,65168.9051190704,64089.24446374282,63322.39389045501,1600.2733862880712
2023-12-05,64193.0,62600,60634.593232039915,63564.84641009985,63467.73764471411,63661.51786800726,62910.67973534434,1270.6221399488622
2023-12-06,65042.0,62269,61446.274364349,63228.74474617424,63729.223185776056,63953.764447763635,63110.3220650852,984.3498335289681
2023-12-07,65246.0,62290,61617.618339058616,63262.21849826574,66319.26151798146,64083.990413977255,63738.336827194886,1693.9304791622064
2023-12-08,65847.0,61597,62832.15485374401,63705.90209739238,62691.452331546185,64176.48702283176,63409.54378996232,614.7330192946552
2023-12-11,65872.0,60986,63508.378701625945,63073.98323476098,63940.37883037039,63965.760392204036,63570.33345098427,364.95492821493156
2023-12-12,65334.0,60984,63809.27571564994,63071.914760578875,62151.33344803513,63944.170611104986,63253.88270296419,712.9707080542049
2023-12-13,65717.0,60992,64280.09780273805,63231.255281063226,64339.42562264621,64274.77624462049,63953.203060472326,462.65374430397367
2023-12-14,65435.0,62229,61850.584293442604,63212.87189660047,65442.75367248537,63485.52427869953,63444.58559937109,1282.3317646144953
2023-12-15,65367.0,61991,61854.08014365212,62971.10899648331,64166.719234164186,63013.163514124986,62983.45245900473,817.8275529896689
2023-12-18,65429.0,62057,61367.45923688887,63038.15248979311,63778.36190231293,63422.688343614005,62913.02692471044,923.6448101879123
2023-12-19,65431.0,62211,60910.95262546751,63194.587307515976,63896.509299471756,63245.559013695114,62843.18505441324,1131.8665964589684
2023-12-20,65556.0,62151,60523.77721803801,63133.63867723434,62639.77460730328,62848.19729925648,62374.97903285976,1032.6110418466887
2023-12-21,65939.0,62257,60334.347706383785,63241.3145907319,62823.76074746185,63029.876592883076,62450.07385356289,1177.2598139969948
2023-12-22,65686.0,62657,60528.56799128233,63647.63879260948,64893.90024022924,63517.88304798719,63180.17747277854,1604.372156757537
2023-12-26,65862.0,62722,60432.63889083666,63713.66647541459,64577.9623620287,63842.724719506645,63191.83183981867,1598.4713762576505
2023-12-27,66027.0,63292,59989.35646787968,64286.20882188486,66248.51002388609,64046.101054436236,63679.24101221869,2275.6318222421933
2023-12-28,66295.0,63119,60488.88448172612,65246.81255584074,65856.22272845016,64313.949843829534,64082.8929069516,2087.1263690499018
2023-12-29,67592.0,62954,60963.99938452895,65109.361829946916,65621.29019344413,64402.09453541849,64116.81004264759,1819.059191537426
2024-01-01,68263.0,63001,61742.98445162829,65404.88069992252,68618.22756256073,65017.10557400893,65168.88993885808,2434.6761627068827
2024-01-02,68802.0,63039,62086.99013147842,65444.33063669491,70315.55081218602,65035.21316528237,65621.77454676034,2952.235318046534
2024-01-03,69725.0,62294,63278.443852879245,64766.21314922227,69663.00784771134,65700.13698070926,65693.3884110389,2363.7347307720784
2024-01-04,69612.0,62444,63244.08835073771,64922.16608164567,69263.65075520877,66131.14464420234,65755.91429998315,2200.9782388310027
2024-01-05,70701.0,62627,63388.9276765293,65112.42865920222,71779.50885309749,65975.10274729056,66343.56182476884,3151.8437535601715
2024-01-08,70607.0,62140,64453.70281818359,64606.10147193425,68145.9962935555,66019.10627439637,65661.96423796895,1482.3512470097646
2024-01-09,71130.0,62211,64564.8054923791,64679.91919328132,70886.61201049811,66339.81549895302,66367.40596930392,2562.723152849043
2024-01-10,71127.0,62047,64574.224773876354,64509.410653831736,68239.62915230096,66744.78774999762,65853.26896559632,1567.177506444009
2024-01-11,71514.0,61830,65067.12819734773,64283.79874492589,69214.8504735024,66395.0770213889,66012.46590985583,1875.9088234476462
2024-01-12,71857.0,62372,64400.91795505409,64847.30867408244,70878.70052044994,66801.93962378155,66494.81947273872,2558.6139540632466
2024-01-15,72329.0,62567,64920.093318860156,65050.04748623286,68975.97314867386,66798.87563278982,66273.8056502188,1643.3182522246177
2024-01-16,73109.0,62065,65483.58531907716,64528.12500572255,65711.20018729051,66378.90679414335,65440.37756002068,663.193302739162
2024-01-17,72695.0,61561,65836.28528953264,64004.12315277992,64056.07442064826,65829.27128961332,64867.74494274007,901.5302900127036
2024-01-18,73016.0,61791,65662.98011552676,64243.2509824958,64064.509457078624,66330.7877210836,65029.16475672025,953.3651449241419
2024-01-19,73246.0,62021,65951.8417589019,64482.37881221168,67382.48831623228,66541.54498638099,65923.14171259975,1058.0585691601352
2024-01-22,71936.0,61888,66034.17498127469,64344.100545462934,65363.3120137765,66219.19906138741,65392.33704191423,734.335232106164
2024-01-23,71590.0,62003,66210.40373154708,64463.66446032088,66343.00841132927,66724.6773037669,65799.77353037611,870.4504328830998
2024-01-24,71692.0,62072,65758.72783368125,64535.40280923564,66536.47639055844,66538.50266678912,65717.43475611095,818.7709671552705
2024-01-25,71725.0,62036,65735.11170234425,64497.97410545402,65595.44157760173,66224.55184087355,65425.23149419874,631.0137715816489
2024-01-29,72107.0,62234,65827.92942237864,64690.2829670181,65647.27913120382,66307.52194862861,65539.08174980809,587.5854797494659
2024-01-30,72250.0,62371,65616.45947412345,64832.69015226221,65810.71601439964,66206.65234778964,65547.69203665649,500.0893584715527
2024-01-31,70969.0,62865,65621.32802790454,65359.87397864735,67118.9450337795,66433.42413566538,66050.07148267285,693.1582982437837
2024-02-01,71274.0,63079,65386.152125965804,65582.36682890473,68127.34725064985,66587.46992432054,66319.43595029476,1085.535442002827
2024-02-02,71119.0,62639,65968.19936501331,65124.90489379609,66764.37488936735,66651.21429048594,66029.89724431993,653.9226818365871
2024-02-05,70998.0,62542,66256.86866487615,65024.05533082896,66890.74827006337,66874.46742918534,66142.85840054482,758.7775049818653
2024-02-06,71321.0,62322,66478.31342293422,64795.32436327464,65775.97256822394,67203.40132931282,65962.84352041633,889.1549979939957
2024-02-07,71136.0,62305,66612.9303043675,64777.64969759999,66751.70728222007,67314.85938971669,66220.48534779683,953.0115116488233
2024-02-08,71129.0,62219,66530.78883791839,64688.23668301057,66467.2132820273,67058.04396767574,66050.95830971896,894.6669587101529
2024-02-09,71586.0,62105,66441.75419183806,64569.71245436879,66625.57107170079,66629.49650468728,65922.50367122501,867.570475725612
2024-02-12,72595.0,61856,66687.7024071241,64310.83058654594,64309.9180416662,66371.1264884787,65342.34514455376,1115.151299987221
2024-02-13,71819.0,61267,67607.56196752904,63698.45540523005,64592.58382029911,65531.29157126331,65207.6034562508,1451.7668626962393
2024-02-14,72213.0,61170,67077.1279926175,63597.60584226292,63623.163260808455,65547.97857021289,64855.35074151236,1455.2655611245132
2024-02-15,73001.0,61306,66214.7712699067,63701.7399073134,63877.02110019259,65377.24678349739,64707.86823591991,1047.931702219765
2024-02-16,72896.0,61498,65613.21860849322,63901.24295860046,62773.14468247142,65426.35597212192,64415.93893866095,1163.7735966488742
2024-02-19,73593.0,61641,65787.88959602246,64049.83116867363,63134.756628893934,65591.57551948297,64619.41386263447,1099.6816861184977
2024-02-20,74283.0,61810,65784.36429363239,64225.43541694192,64419.9572065425,65938.24212311742,65030.72072841286,774.2851120362443
2024-02-21,73970.0,61744,65697.1872135925,64194.38573033647,62602.66568486629,65836.40127573616,64592.51382600389,1311.9806108292287
2024-02-22,73027.0,61661,65669.38292278275,64108.09177439552,63304.49494292533,66172.56595637173,64788.13237828117,1156.9672431178906
2024-02-23,71632.0,61910,65528.902117474645,64366.97364221836,65316.98186956434,66341.8761699775,65306.321420444,703.0771088722491
2024-02-26,71380.0,61766,65847.8325616781,64217.2588270919,64371.94472686487,66507.57555886467,65169.991436109565,971.5539722920628
2024-02-27,72001.0,61839,66329.57653238422,64293.155920871286,65368.49323772025,66982.72481923147,65628.07446238253,1015.2945229609161
2024-02-28,72145.0,61792,66535.28465996282,64244.290668711954,64252.85188639717,67201.28424343369,65475.61731238388,1330.8560670295883
2024-02-29,71993.0,62293,65817.63123716842,64765.17346300612,63917.37555253322,66748.54847198841,65302.1469482859,1068.0977177493544
2024-03-01,71852.0,63135,65598.25076499303,65640.58925700947,68843.91855987956,66826.38683732504,66595.01322213173,1317.7238654791993
2024-03-04,71703.0,63605,65587.96777340841,66129.2417786028,68092.27633623139,66761.08077209466,66575.61525928958,934.2624046651881
2024-03-05,71818.0,64193,65013.75594137597,66717.37186231061,70625.35952280322,66502.85417100605,67109.20470066537,2075.5007117060627
2024-03-06,71782.0,65042,64429.52405345058,67523.84694911282,71405.90917648132,67205.69292508866,67573.27665921178,2484.5188524383284
2024-03-07,72485.0,65246,64385.61989385516,67722.62185960346,71959.62276295156,67421.35374300927,67796.72239281324,2696.7063987135934
2024-03-08,72963.0,65847,64495.8292629503,68057.40032108306,72627.20860089279,67800.02036625169,68162.0926223236,2893.666959875555
2024-03-11,71308.0,65872,64143.566746429264,68019.296293293,72781.09421204752,67590.80191935092,68052.69042229975,3075.1936067948554
2024-03-12,71303.0,65334,64482.91531584837,67763.28639222519,72329.99346851667,67940.96135318287,68035.69192120706,2788.8789991564267
2024-03-13,71346.0,65717,63870.51771982479,68103.59292236692,72776.15125183678,67351.68834884808,67959.71420543773,3173.8259920119003
2024-03-14,71796.0,65435,64081.6729487437,67842.33154197391,73562.8058856198,68020.87320774069,68251.04474802507,3382.1263203688263
2024-03-15,71030.0,65367,64250.314653621674,67781.20562907943,73066.38576452059,67910.89704075389,68137.63594273405,3143.6362030416653
2024-03-18,71691.0,65429,64860.798060404544,67858.52832544557,74134.79194919798,68581.0938980083,68687.44519157438,3350.2900866556656
2024-03-19,71285.0,65431,65544.06291063443,67847.56934716747,73905.26255964361,68690.35858735288,68815.07038186368,3058.9636946107166
2024-03-20,71503.0,65556,65708.32715014812,67977.18598405819,74234.78512165255,69000.38667748585,69038.36920932998,3125.3927310992194
2024-03-21,71519.0,65939,66789.004599651,68374.33135949132,74447.30606875854,69302.84468352042,69526.84994223263,2868.91612864264
2024-03-22,72258.0,65686,66703.21287032794,68175.70439559441,74555.31243961603,69236.8521562981,69450.42323222873,2961.7824038071753
2024-03-25,71429.0,65862,66525.20999950836,68294.48751116663,75454.02318978544,69408.26951693461,69680.19922853127,3356.120146870912
2024-03-26,71512.0,66027,67411.98629488547,68478.37353824946,75658.26381909744,70192.77502797733,70171.38887396097,3174.4352389054916
2024-03-27,71201.0,66295,67480.39874849189,68770.7241481858,75656.49783376543,70027.73301806237,70240.65618591296,3119.2886976510804
2024-03-28,70919.0,67592,68411.08949578124,69783.13602752738,74810.55073243563,70220.65280736584,70643.69299681415,2406.2888658378024
2024-04-01,71303.0,68263,68122.28356549857,70436.61520170174,74136.56647656951,69890.25088312253,70567.21801854452,2189.0749732632567
2024-04-02,71275.0,68802,67192.06476356986,70992.7779193338,72586.19295152277,69839.94156511725,70198.1657533912,1967.9175344507821
2024-04-03,71329.0,69725,66335.62593832467,71945.16787921208,73521.64408208932,70197.19409501766,70597.31692764093,2676.403644152039
2024-04-04,71357.0,69612,65769.91861844453,71828.56975844692,72313.71931135886,69972.98884744443,70123.36778682115,2578.177047418972
2024-04-05,72160.0,70701,66089.5525448369,72841.35690512144,72557.54401782462,71070.89414929425,70838.85167436521,2711.7885697319916
2024-04-08,72151.0,70607,66536.1516614784,72398.8126147857,73814.1537838957,71526.69441569677,71172.17818332888,2741.3714230785436
2024-04-09,73255.0,71130,67198.19596666217,72841.7201060647,73336.73971561735,72123.90144660245,71507.10930336175,2449.8079421338134
2024-04-10,72332.0,71127,67498.84978840745,72838.64791204927,74518.12389053967,72106.60526675395,71818.97530015792,2600.3246376662746
2024-04-11,72385.0,71514,67435.39704624187,73197.77058844756,71939.87496263432,71972.06854427824,71343.17202368862,2196.05244919001
2024-04-12,72629.0,71857,69547.76392236582,73586.21512247281,75410.6144416591,73157.83082456674,72962.4728898766,2125.75967823225
2024-04-15,73205.0,72329,69300.05580473397,74031.9594609702,73209.95612548571,73218.21316796722,72600.25068700952,1843.368698620299
2024-04-16,73159.0,73109,70219.50597540557,74830.32427148268,73097.49156355116,73936.64208029868,73213.95665779355,1729.6151643788319
2024-04-17,73311.0,72695,70064.82976654368,74406.57679513375,73053.05576103878,73432.86549146248,72911.31900242498,1621.1167991298341
2024-04-18,74025.0,73016,70590.70061056865,74735.13462099849,72420.22224462868,73690.17273035937,73063.7291487417,1545.0272852976402
2024-04-19,73924.0,73246,71226.2432364753,74970.54988563679,73013.74943062244,73994.9401641184,73481.32256225793,1383.4809123903171
2024-04-22,73965.0,71936,71357.8058287649,73677.30758953228,75788.95556338115,73384.01432965793,73532.40238337399,1570.2212765501745
2024-04-23,72872.0,71590,71585.28983533557,73322.93219437578,75494.3139089543,73048.71468164855,73325.73654543541,1396.7044209530886
2024-04-24,72641.0,71692,72058.08755279152,73849.91049259275,75161.94126455014,73253.01044516772,73580.87118516295,1117.8693270203698
2024-04-25,68648.0,71725,72605.2113405588,73883.90378398169,74963.51173419532,73417.0835379979,73712.30106267775,852.5947971738519
2024-04-26,69028.0,72107,73212.24715249833,74300.19876980643,75466.5051179177,73846.77047825743,74192.9270745488,823.7621608863143
2024-04-29,67491.0,72250,73572.19281207537,74424.70614698748,75179.60434266774,74055.93471532181,74303.78875678053,586.9973450703644
2024-04-30,68173.0,70969,73302.53143358015,73652.9526759895,78178.98928247535,73420.77900107695,74474.53208786168,2047.8051626525034
2024-05-01,68206.0,71274,73449.43341857143,73690.32351258161,78069.08072272035,73810.9278262742,74590.74085969978,1917.8401532430132
2024-05-02,68617.0,71119,73835.77194254738,73793.22770964779,77778.77531806644,73737.63575499394,74631.46127550802,1728.0264305530561
2024-05-03,69083.0,70998,74111.53548466219,72908.91141915819,77425.41237198428,73690.68983504339,74322.16520338775,1724.153895835886
2024-05-06,69412.0,71321,72336.960681493,73195.66537282348,74211.69183092922,73388.88915080896,73264.58048956565,666.3892245011458
2024-05-07,69381.0,71136,71947.4536853497,73005.8026662718,74505.84821039358,73189.94697996517,73130.02759992282,909.1519575030488
2024-05-08,68641.0,71129,71637.43230384382,72998.61867196985,73557.61328161301,73238.5737228147,72869.6035902288,732.0953148249039
2024-05-09,68742.0,71586,71342.30582713822,73467.63087139752,75416.76692509354,73524.64859908754,73416.72778287783,1441.859777628423
2024-05-10,68752.0,72595,71849.3282238758,74355.9366811461,76276.18040989332,74515.76036968784,74238.3202215606,1577.219169343154
2024-05-13,69396.0,71819,70878.0067649573,73706.7552531626,74712.1584845237,73649.0801664678,73270.94790722098,1425.7823027708716
2024-05-14,69604.0,72213,70353.51750598368,73977.5379894146,74810.78596121003,73857.777305281,73312.00135133007,1712.043252766543
2024-05-15,70354.0,73001,70808.88758636803,73919.70021914088,77689.0444465513,74759.5437520513,74221.9353325801,2450.9776771213787
2024-05-16,70356.0,72896,70039.8075366984,73813.37881911884,75435.35408054345,74190.4905938579,73401.24713563907,2014.0542866178628
2024-05-17,69874.0,73593,68726.30397382859,74436.35992703988,76726.2276916426,74665.5064087301,73695.31942711971,2973.0058309906794
2024-05-20,70938.0,74283,67087.12260885972,75149.25293322348,74600.5466714299,75155.92753479564,73227.1593173175,3420.2034886399006
2024-05-21,71138.0,73970,67436.60358938001,74832.60287643931,75341.07677983087,74632.73815207464,73233.2612894804,3257.3579184976866
2024-05-22,71340.0,73027,67085.19975417023,73878.60605999369,74443.47613865531,73494.54200571461,72381.71039950234,2986.860057779336
2024-05-23,71407.0,71632,67140.46411743897,72480.76386324575,71883.50000609472,72062.38675970027,71055.83084699698,2176.641295938976
2024-05-24,70796.0,71380,67196.67132542391,72225.777928279,71866.81769304734,71521.52477686037,70851.77446263278,2039.4636219487693
2024-05-27,71295.0,72001,66729.55868678486,72854.13612516134,72477.55454279888,72011.97192918514,71197.3878375348,2494.0130339245497
2024-05-28,71500.0,72145,67223.76046391569,72999.84237371376,72646.53969017346,71837.08973304494,71348.54998934304,2320.8900425470993
2024-05-29,71551.0,71993,67115.04409484855,72846.04133357509,72503.35735375909,71704.53864963375,71212.24605371893,2304.88992964379
2024-05-30,71328.0,71852,67207.06217113603,72703.37063186751,71955.78605690847,71503.80307801893,71022.5875244722,2142.193695809624
2024-05-31,71666.0,71703,67301.95624997103,72564.54890069374,71181.39702869576,71432.75040176774,70818.28067244681,1985.3472295314036
2024-06-03,71195.0,71818,66751.90378448866,72680.93068560623,70428.44819241672,71430.60511563825,70572.84537381944,2210.795880949121
